Title,URL,Username,Password,Notes,OTPAuth
a2oj.com (alodha),https://a2oj.com/,alodha,casrYn-jejwap-3fucwa,,
www.aa.com (4694714856),https://www.aa.com/,4694714856,t2B-j4r-RHI-Cwd,,
emc3.aamaadmiparty.org (rajendra.lodha@gmail.com),http://emc3.aamaadmiparty.org/,rajendra.lodha@gmail.com,s!ngs0ng,,
www.aarpdriversafety.org (lodhasmita@gmail.com),https://www.aarpdriversafety.org/,lodhasmita@gmail.com,rajendra123,,
prospective-ugstudents-ucla.academicworks.com (arham.lodha.2004@gmail.com),https://prospective-ugstudents-ucla.academicworks.com/,arham.lodha.2004@gmail.com,xuzDig-pygjon-xirjo4,,
texasexes.academicworks.com (arham.lodha.2004@gmail.com),https://texasexes.academicworks.com/,arham.lodha.2004@gmail.com,qicnoc-rahwod-5tIdty,,
driving.aceable.com (arham.lodha.764@friscoisd.org),https://driving.aceable.com/,arham.lodha.764@friscoisd.org,arham is awesome,,
my.act.org (917974),https://my.act.org/,917974,Arham@123,,
my.act.org (arhamsmita@gmail.com),https://my.act.org/,arhamsmita@gmail.com,Arham@123,,
adobeid-na1.services.adobe.com (arhamsmita@gmail.com),https://adobeid-na1.services.adobe.com/,arhamsmita@gmail.com,goxgUb-bezny5-dimzop,,
auth.services.adobe.com (arhamsmita@gmail.com),https://auth.services.adobe.com/,arhamsmita@gmail.com,goxgUb-bezny5-dimzop,,
adobeid-na1.services.adobe.com (lodhasmita@gmail.com),https://adobeid-na1.services.adobe.com/,lodhasmita@gmail.com,Lod54470,,
na.account.amazon.com (lodhasmita@gmail.com),https://na.account.amazon.com/,lodhasmita@gmail.com,Rajendra@123,,
www.amazon.com (lodhasmita@gmail.com),https://www.amazon.com/,lodhasmita@gmail.com,Rajendra@123,,
prod-applytexas-applicants.auth.us-east-1.amazoncognito.com (arhamlodha123),https://prod-applytexas-applicants.auth.us-east-1.amazoncognito.com/,arhamlodha123,Arham Lodha is #1,,
www.amscopub.com (arhamsmita@gmail.com),https://www.amscopub.com/,arhamsmita@gmail.com,Lod54470,,
login.amtrak.com (arhamsmita@gmail.com),https://login.amtrak.com/,arhamsmita@gmail.com,fomdi9-cemHot-nahhik,,
anaconda.org (arhamsmita),https://anaconda.org/,arhamsmita,arham123,,
anaconda.org (arhamsmita@gmail.com),https://anaconda.org/,arhamsmita@gmail.com,arham123,,
www.anime-planet.com (arhamsmita@gmail.com),https://www.anime-planet.com/,arhamsmita@gmail.com,arham123,,
idmsa.apple.com (arhamsmita@icloud.com),https://idmsa.apple.com/,arhamsmita@icloud.com,Lod54470,,
www.asvabprogram.com (arham.lodha.764@k12.friscoisd.org),https://www.asvabprogram.com/,arham.lodha.764@k12.friscoisd.org,arham123,,
11475.portal.athenahealth.com (lodhasmita@gmail.com),https://11475.portal.athenahealth.com/,lodhasmita@gmail.com,Rajendra123,,
apps.library.austintexas.gov (arhamsmita@gmail.com),https://apps.library.austintexas.gov/,arhamsmita@gmail.com,Arham@123,,
harvard-dce.auth0.com (arham.lodha.764@k12.friscoisd.org),https://harvard-dce.auth0.com/,arham.lodha.764@k12.friscoisd.org,Lod54470,,
jisho.auth0.com (arhamsmita@gmail.com),https://jisho.auth0.com/,arhamsmita@gmail.com,arham123,,
accounts.autodesk.com (arhamsmita@gmail.com),https://accounts.autodesk.com/,arhamsmita@gmail.com,arham123,,
www.awseducate.com (arham.lodha.764@k12.friscoisd.org),https://www.awseducate.com/,arham.lodha.764@k12.friscoisd.org,Arham_123,,
tix.axs.com (arhamsmita@gmail.com),https://tix.axs.com/,arhamsmita@gmail.com,Lod54470,,
www.bankofaamaadmi.com (Rajendra.lodha@gmail.com),http://www.bankofaamaadmi.com/,Rajendra.lodha@gmail.com,s!ngs0ng,,
bato.to (arham.lodha.2004@gmail.com),https://bato.to/,arham.lodha.2004@gmail.com,Lod54470,,
beestar.org (lodhasmita@gmail.com),https://beestar.org/,lodhasmita@gmail.com,2bxpp5,,
apply.berkeley.edu (arham.lodha.2004@gmail.com),https://apply.berkeley.edu/,arham.lodha.2004@gmail.com,bufvod-tijvej-piZfa0,,
app.betterimpact.com (arham123smita123),https://app.betterimpact.com/,arham123smita123,Ryfpim-7pivqa-myncix,,
www.binance.com (arhamsmita@gmail.com),https://www.binance.com/,arhamsmita@gmail.com,Lod54470,,
accounts.binance.com (arhamsmita@gmail.com),https://accounts.binance.com/,arhamsmita@gmail.com,Lod54470,,
www.binarycent.com (rajendra.lodha@gmail.com),https://www.binarycent.com/,rajendra.lodha@gmail.com,Jan)2018,,
www.bitfinex.com (arhamsmita@gmail.com),https://www.bitfinex.com/,arhamsmita@gmail.com, ,,
www.bitstamp.net (imjv5326),https://www.bitstamp.net/,imjv5326,Arham123,,
bold.org (arham.lodha.2004@gmail.com),https://bold.org/,arham.lodha.2004@gmail.com,Lod54470,,
legacy.bpa.org (02-1807-0026),http://legacy.bpa.org/,02-1807-0026,memorial,,
www.brainpop.com (cmsnorth),https://www.brainpop.com/,cmsnorth,cougars,,
sjobs.brassring.com (arhamsmita@gmail.com),https://sjobs.brassring.com/,arhamsmita@gmail.com,e^ipi+1=0,,
probiller.brazzers.com (darrowaulykos),https://probiller.brazzers.com/,darrowaulykos,q@_cPnP@4_WZa5r,,
probiller.brazzersnetwork.com (darrowaulykos),https://probiller.brazzersnetwork.com/,darrowaulykos,#g7v?6CgjSvBycq,,
www.bwcinema.com (Lodhasmita),http://www.bwcinema.com/,Lodhasmita,rajendra,,
www.bwcinema.com (rajendra_lodha),https://www.bwcinema.com/,rajendra_lodha,arham123,,
calcworkshop.com (arhamsmita@gmail.com),https://calcworkshop.com/,arhamsmita@gmail.com,arham123,,
apply.caltech.edu (arham.lodha.2004@gmail.com),https://apply.caltech.edu/,arham.lodha.2004@gmail.com,hughih-1wexso-Dojwad,,
camscanner.com (4694714856),http://camscanner.com/,4694714856,arham123,,
www.capitalone.com (Arham_Lodha),https://www.capitalone.com/,Arham_Lodha,Lod54470,,
verified.capitalone.com (Arham_Lodha),https://verified.capitalone.com/,Arham_Lodha,Lod54470,,
new.cappex.com (arhamsmita@gmail.com),https://new.cappex.com/,arhamsmita@gmail.com,dextUd-goxbyj-7fohro,,
account.cengage.com (alodha1@collin.edu),https://account.cengage.com/,alodha1@collin.edu,Lod54470,,
account.cengage.com (arhamsmita@gmail.com),https://account.cengage.com/,arhamsmita@gmail.com,Lod54470,,
www.cengage.com (arhamsmita@gmail.com),https://www.cengage.com/,arhamsmita@gmail.com,Lod54470,,
login.cengagebrain.com (arhamsmita@gmail.com),https://login.cengagebrain.com/,arhamsmita@gmail.com,Lod54470,,
cerego.com (arham.lodha@utexas.edu),https://cerego.com/,arham.lodha@utexas.edu,Lod54470,,
m.chase.com (rajendra_lodha),https://m.chase.com/,rajendra_lodha,Jan)!2017,,
chipotle.com (arhamsmita@gmail.com),http://chipotle.com/,arhamsmita@gmail.com,Lod54470,,
cinemark.com (arhamsmita@gmail.com),http://cinemark.com/,arhamsmita@gmail.com,RbfubC27rTg95Uw,,
ntreis.clareityiam.net (791598687),https://ntreis.clareityiam.net/,791598687,Lod54470,,
www.classzone.com (chemstudent57),http://www.classzone.com/,chemstudent57,baypath57,,
clever.com (247764),https://clever.com/,247764,03172004,,
clever.com (axl6018),https://clever.com/,axl6018,Arham123,,
codeforces.com (arhamsmita@gmail.com),https://codeforces.com/,arhamsmita@gmail.com,bevxuv-9qedgy-jyGfyg,,
codeforces.com (arhamsmita@gmail.com),http://codeforces.com/,arhamsmita@gmail.com,bevxuv-9qedgy-jyGfyg,,
codeforces.com (kwasitzhaderach),http://codeforces.com/,kwasitzhaderach,cybqeq-ryzhir-1Kivgo,,
codepen.io (arhamsmita@gmail.com),https://codepen.io/,arhamsmita@gmail.com,arham123,,
www.coderbyte.com (arhamsmita),https://www.coderbyte.com/,arhamsmita,wuhkiW-hatwi1-qotbop,,
codingbat.com (arham.lodha.764@k12.friscoisd.org),https://codingbat.com/,arham.lodha.764@k12.friscoisd.org,arham123,,
login.coinbase.com (lodhasmita@gmail.com),https://login.coinbase.com/,lodhasmita@gmail.com,Lod54470,,
www.coinbase.com (lodhasmita@gmail.com),https://www.coinbase.com/,lodhasmita@gmail.com,Lod54470,,
www.coinbase.com (rajendra.lodha@gmail.com),https://www.coinbase.com/,rajendra.lodha@gmail.com,VruddhiArham,,
www.coinspot.com.au (arhamsmita@gmail.com),https://www.coinspot.com.au/,arhamsmita@gmail.com,Arham123,,
account.collegeboard.org (arham.lodha.764@k12.friscoisd.org),https://account.collegeboard.org/,arham.lodha.764@k12.friscoisd.org,nibbuj-wespyj-8nyjnA,,
prod.idp.collegeboard.org (arham.lodha.764@k12.friscoisd.org),https://prod.idp.collegeboard.org/,arham.lodha.764@k12.friscoisd.org,nibbuj-wespyj-8nyjnA,,
myap.collegeboard.org (arhamlodha123),https://myap.collegeboard.org/,arhamlodha123,Arham@123,,
my.collegeboard.org (arhamlodha123),https://my.collegeboard.org/,arhamlodha123,Arham@123,,
studentscores.collegeboard.org (arhamlodha123),https://studentscores.collegeboard.org/,arhamlodha123,Arham@123,,
prod.idp.collegeboard.org (arhamlodha123),https://prod.idp.collegeboard.org/,arhamlodha123,Arham@123,,
collegereadiness.collegeboard.org (arhamlodha123),https://collegereadiness.collegeboard.org/,arhamlodha123,Arham@123,,
apcentral.collegeboard.org (arhamlodha123),https://apcentral.collegeboard.org/,arhamlodha123,Arham@123,,
apscore.collegeboard.org (arhamlodha123),https://apscore.collegeboard.org/,arhamlodha123,Arham@123,,
account.collegeboard.org (arhamlodha123),https://account.collegeboard.org/,arhamlodha123,Arham@123,,
apstudents.collegeboard.org (arhamlodha123),https://apstudents.collegeboard.org/,arhamlodha123,Arham@123,,
bigfuture.collegeboard.org (arhamlodha123),https://bigfuture.collegeboard.org/,arhamlodha123,Arham@123,,
cbaccount.collegeboard.org (arhamlodha123),https://cbaccount.collegeboard.org/,arhamlodha123,Arham@123,,
www.collegeboard.org (arhamlodha123),https://www.collegeboard.org/,arhamlodha123,Arham@123,,
www.collegeboard.org (arhamLodha123),https://www.collegeboard.org/,arhamLodha123,Arham@1234,,
cbaccount.collegeboard.org (arhamLodha123),https://cbaccount.collegeboard.org/,arhamLodha123,Arham@1234,,
apscore.collegeboard.org (arhamLodha123),https://apscore.collegeboard.org/,arhamLodha123,Arham@1234,,
account.collegeboard.org (arhamLodha123),https://account.collegeboard.org/,arhamLodha123,Arham@1234,,
collegereadiness.collegeboard.org (arhamLodha123),https://collegereadiness.collegeboard.org/,arhamLodha123,Arham@1234,,
myap.collegeboard.org (arhamLodha123),https://myap.collegeboard.org/,arhamLodha123,Arham@1234,,
studentscores.collegeboard.org (arhamLodha123),https://studentscores.collegeboard.org/,arhamLodha123,Arham@1234,,
applyweb.collegenet.com (arham.lodha.764@k12.friscoisd.org),https://applyweb.collegenet.com/,arham.lodha.764@k12.friscoisd.org,Lod54470,,
erie.collin.edu (alodha1),https://erie.collin.edu/,alodha1,Collin522364,,
apply.collin.edu (arham.lodha.764@friscoisd.org),https://apply.collin.edu/,arham.lodha.764@friscoisd.org,Lod54470,,
erie.collin.edu (arham.lodha.764@friscoisd.org),https://erie.collin.edu/,arham.lodha.764@friscoisd.org,Lod54470,,
apply.collin.edu (arhamsmita@gmail.com),https://apply.collin.edu/,arhamsmita@gmail.com,arham123,,
apply.college.columbia.edu (arham.lodha.2004@gmail.com),https://apply.college.columbia.edu/,arham.lodha.2004@gmail.com,tuqkag-zamcah-zycDy3,,
mychart.cookchildrens.org (arhamsmita),https://mychart.cookchildrens.org/,arhamsmita,gersun-5Kovgu-zonzux,,
mychart.cookchildrens.org (lodhasmita@gmail.com),https://mychart.cookchildrens.org/,lodhasmita@gmail.com,Lod54470,,
hac.coppellisd.com (axl6018),https://hac.coppellisd.com/,axl6018,Arham123,,
schoology.coppellisd.com (axl6018),https://schoology.coppellisd.com/,axl6018,Arham123,,
schoology.coppellisd.com (axl6018),http://schoology.coppellisd.com/,axl6018,Arham123,,
catalog.coppelltx.gov (23717001007691),https://catalog.coppelltx.gov/,23717001007691,80375968,,
signin.costco.com (arhamsmita@gmail.com),https://signin.costco.com/,arhamsmita@gmail.com,arham123,,
www.costco.com (arhamsmita@gmail.com),https://www.costco.com/,arhamsmita@gmail.com,arham123,,
m.costco.com (lodhasmita@gmail.com),https://m.costco.com/,lodhasmita@gmail.com,rajendra123,,
www.costco.com (lodhasmita@gmail.com),https://www.costco.com/,lodhasmita@gmail.com,Lax-e9K-NvF-K3G,,
m.costco.com (Rajendra.lodha@gmail.com),https://m.costco.com/,Rajendra.lodha@gmail.com,s!ngs0ng,,
www.coursera.org (arhamsmita@gmail.com),https://www.coursera.org/,arhamsmita@gmail.com,arham123,,
accounts.craigslist.org,https://accounts.craigslist.org/,,wz5-Z4Q-XBx-wXt,,
www.creditkarma.com (rajendra.lodha@gmail.com),https://www.creditkarma.com/,rajendra.lodha@gmail.com,s!ngs0ng,,
www.creditkarma.com (Shobha),https://www.creditkarma.com/,Shobha,s!ngs0ng,,
tokensale.crypterium.io (rajendra.lodha@gmail.com),https://tokensale.crypterium.io/,rajendra.lodha@gmail.com,s!ngs0ng,,
cryptohack.org (arhamsmita@gmail.com),https://cryptohack.org/,arhamsmita@gmail.com,3YwtpnH5Bc4fEft,,
cryptohack.org (kwasitzhaderach),https://cryptohack.org/,kwasitzhaderach,3YwtpnH5Bc4fEft,,
www.cybrary.it (al0317),https://www.cybrary.it/,al0317,JyX-qyY-Vgh-Xq3,,
www.cybrary.it (AL0317),https://www.cybrary.it/,AL0317,JyX-qyY-Vgh-Xq3,,
www.cybrary.it (arhamsmita@gmail.com),https://www.cybrary.it/,arhamsmita@gmail.com,arham123,,
forum.darkscarab.com (thegodofspeed),http://forum.darkscarab.com/,thegodofspeed,eXQ-Ux5-H2L-wvJ,,
www.dcuniverse.com (Arham@123),https://www.dcuniverse.com/,Arham@123,Arham@123,,
www.dcuniverse.com (arhamsmita@gmail.com),https://www.dcuniverse.com/,arhamsmita@gmail.com,Arham@123,,
www.dcuniverse.com (lodhasmita@gmail.com),https://www.dcuniverse.com/,lodhasmita@gmail.com,Arham@123,,
www.deltamath.com (arhamsmita@gmail.com),https://www.deltamath.com/,arhamsmita@gmail.com,Lod54470,,
discord.com (arhamsmita@gmail.com),https://discord.com/,arhamsmita@gmail.com,arham123,,
discord.com (KwasitzHaderach),https://discord.com/,KwasitzHaderach,arham123,,
discordapp.com (arhamsmita@gmail.com),https://discordapp.com/,arhamsmita@gmail.com,arham123,,
discordapp.com (KwasitzHaderach),https://discordapp.com/,KwasitzHaderach,arham123,,
www.disneyplus.com (arham.lodha0317@gmail.com),https://www.disneyplus.com/,arham.lodha0317@gmail.com,Lod54470,,
store.docker.com (arhamsmita),https://store.docker.com/,arhamsmita,tEvnud-nawwyq-fodma9,,
id.docker.com (arhamsmita),https://id.docker.com/,arhamsmita,tEvnud-nawwyq-fodma9,,
dominos.com (arhamsmita@gmail.com),http://dominos.com/,arhamsmita@gmail.com,zyqgim-syzri0-komguK,,
duolingo.com (arhamsmita@gmail.com),http://duolingo.com/,arhamsmita@gmail.com,arham123,,
edublogs.org (ithinkthereforeiam),https://edublogs.org/,ithinkthereforeiam,Lod54470,,
edublogs.org (tonystank),https://edublogs.org/,tonystank,Lod54470,,
course.elementsofai.com (arhamsmita@gmail.com),https://course.elementsofai.com/,arhamsmita@gmail.com,YZR-T4a-Z8s-frw,,
passport.emcl.com (axl6018@g.coppellisd.com),https://passport.emcl.com/,axl6018@g.coppellisd.com,Lod54470,,
erc.enwisen.com ( KSI6863A ),https://erc.enwisen.com/, KSI6863A ,SM5600LO$,,
erc.enwisen.com (KS16863A),https://erc.enwisen.com/,KS16863A,lo5600sm$,,
erc.enwisen.com (KSI6863A),https://erc.enwisen.com/,KSI6863A,Rajendra@123,,
www.epsonconnect.com (arhamsmita@gmail.com),https://www.epsonconnect.com/,arhamsmita@gmail.com,arham123,,
platform.everfi.net (wolfking101),https://platform.everfi.net/,wolfking101,Lod54470,,
www.evite.com (arhamsmita@gmail.com),https://www.evite.com/,arhamsmita@gmail.com,arham123,,
www.explorelearning.com (247764),https://www.explorelearning.com/,247764,03172004,,
m.facebook.com (arhamsmita@gmail.com),https://m.facebook.com/,arhamsmita@gmail.com,Lod54470,,
www.facebook.com (arhamsmita@gmail.com),https://www.facebook.com/,arhamsmita@gmail.com,Lod54470,,
m.facebook.com (lodhasmita@gmail.com),https://m.facebook.com/,lodhasmita@gmail.com,rajendra,,
m.facebook.com (rajendra.lodha@gmail.com),https://m.facebook.com/,rajendra.lodha@gmail.com,s!ngs0ng,,
www.facebook.com (rajendra.lodha@gmail.com),https://www.facebook.com/,rajendra.lodha@gmail.com,faceb00k,,
forums.fast.ai (theflash),http://forums.fast.ai/,theflash,arham12345,,
dallascitytx.portal.fasttrackgov.com (Rajendra.lodha@gmail.com),https://dallascitytx.portal.fasttrackgov.com/,Rajendra.lodha@gmail.com,s!ngs0ng,,
fidelityinvestments.com (Arham304Lodha),http://fidelityinvestments.com/,Arham304Lodha,heggez-pepvUm-0gaqni,,
fidelityinvestments.com (arhamsmita),http://fidelityinvestments.com/,arhamsmita,heggez-pepvUm-0gaqni,,
accounts.firefox.com (arhamsmita@gmail.com),https://accounts.firefox.com/,arhamsmita@gmail.com,arham123,,
FirefoxAccounts (e892e5cf54e64b62850494f91e8d2a02),http://FirefoxAccounts/,e892e5cf54e64b62850494f91e8d2a02,"{""version"":1,""accountData"":{""kSync"":""5cbd159644bd5250f18ebb8f91aa35dc4a4b4946ae36f7f3f6f1c1f5a63d765c63b492d7bf8955cd98a29ede644e7404bd280067f195fde0247b16dc5598f388"",""kXCS"":""115b48c9398cb1e74c3b8124474d93c0"",""kExtSync"":""c11bd00f236a311cc45d08d8cba386943472d49f6e26455ef17dbce31956c0670b08176f72813e0be562dbe553fac2c819b4b385cd6edc0a6c08de06ff02d941"",""kExtKbHash"":""adcb4b8064121de9fa36168527c65a3f30fc778446a65807a75d8519fc71f757"",""scopedKeys"":{""https://identity.mozilla.com/apps/oldsync"":{""kid"":""1489682072903-EVtIyTmMsedMO4EkR02TwA"",""k"":""XL0VlkS9UlDxjruPkao13EpLSUauNvfz9vHB9aY9dlxjtJLXv4lVzZiint5kTnQEvSgAZ_GV_eAkexbcVZjziA"",""kty"":""oct""},""sync:addon_storage"":{""kid"":""1489682072903-rctLgGQSHen6NhaFJ8ZaPzD8d4RGplgHp12FGfxx91c"",""k"":""wRvQDyNqMRzEXQjYy6OGlDRy1J9uJkVe8X284xlWwGcLCBdvcoE-C-Vi2-VT-sLIGbSzhc1u3ApsCN4G_wLZQQ"",""kty"":""oct""}}}}",,
my.firstinspires.org (arham.lodha.764@k12.friscoisd.org),https://my.firstinspires.org/,arham.lodha.764@k12.friscoisd.org,Lod54470,,
login.firstinspires.org (arham.lodha.764@k12.friscoisd.org),https://login.firstinspires.org/,arham.lodha.764@k12.friscoisd.org,Lod54470,,
login.firstinspires.org (arhamsmita@gmail.com),https://login.firstinspires.org/,arhamsmita@gmail.com,arham123,,
my.firstinspires.org (lodhasmita@gmail.com),https://my.firstinspires.org/,lodhasmita@gmail.com,arham123,,
login.firstinspires.org (lodhasmita@gmail.com),https://login.firstinspires.org/,lodhasmita@gmail.com,arham123,,
www.freecodecamp.org (arhamsmita@gmail.com),https://www.freecodecamp.org/,arhamsmita@gmail.com,arham1234,,
portal.friscoisd.org (247764),https://portal.friscoisd.org/,247764,03172004,,
lfweb.friscoisd.org (247764),https://lfweb.friscoisd.org/,247764,03172004,,
hac.friscoisd.org (247764),https://hac.friscoisd.org/,247764,03172004,,
studentlearninghub.friscoisd.org (247764),https://studentlearninghub.friscoisd.org/,247764,03172004,,
studentlearninghub.friscoisd.org (247764),http://studentlearninghub.friscoisd.org/,247764,03172004,,
hac.friscoisd.org (arham.lodha),https://hac.friscoisd.org/,arham.lodha,03172004,,
lfweb.friscoisd.org (ARHAM.LODHA.764@K12.FRISCOISD.ORG),https://lfweb.friscoisd.org/,ARHAM.LODHA.764@K12.FRISCOISD.ORG,03172004,,
signin.gatehub.net (arhamsmita@gmail.com),https://signin.gatehub.net/,arhamsmita@gmail.com,arham123,,
exchange.gemini.com (arhamsmita@gmail.com),https://exchange.gemini.com/,arhamsmita@gmail.com,Lod54470,,
accounts.generalassemb.ly (arhamsmita@gmail.com),https://accounts.generalassemb.ly/,arhamsmita@gmail.com,DEH-z4T-oHd-V6n,,
getmatter.com (arhamsmita@gmail.com),http://getmatter.com/,arhamsmita@gmail.com,Lod54470,,
github.com (arham-lodha),https://github.com/,arham-lodha,Lod54470,,
github.com (arham-lodha0317),https://github.com/,arham-lodha0317,Lod54470,,
github.com (arhamsmita@gmail.com),https://github.com/,arhamsmita@gmail.com,Lod54470,,
cdn.registerdisney.go.com (arhamsmita@gmail.com),https://cdn.registerdisney.go.com/,arhamsmita@gmail.com,arham is awesome,,
sso.godaddy.com (rajendra.lodha),https://sso.godaddy.com/,rajendra.lodha,Jan)!2018,,
www.gofundme.com (arham.lodha.764@k12.friscoisd.org),https://www.gofundme.com/,arham.lodha.764@k12.friscoisd.org,Arhamlodha@123,,
www.gofundme.com (arhamsmita@gmail.com),https://www.gofundme.com/,arhamsmita@gmail.com,ArhamLodha@123,,
www.goodreads.com (arhamsmita@gmail.com),https://www.goodreads.com/,arhamsmita@gmail.com,Lod54470,,
accounts.google.com (arham.lodha.0317@gmail.com),https://accounts.google.com/,arham.lodha.0317@gmail.com,Lod54470,,
accounts.google.com (arham.lodha.764@k12.friscoisd.org),https://accounts.google.com/,arham.lodha.764@k12.friscoisd.org,03172004,,
accounts.google.com (arham.lodha.2004),https://accounts.google.com/,arham.lodha.2004,Lod54470,,
accounts.google.com (arham.lodha@utexas.edu),https://accounts.google.com/,arham.lodha@utexas.edu,Lod54470,,
accounts.google.com (arhamlodha123),https://accounts.google.com/,arhamlodha123,arham123,,
accounts.google.com (arhamsmita),https://accounts.google.com/,arhamsmita,Lod54470,,
accounts.google.com (arhamsmita@gmail.com),https://accounts.google.com/,arhamsmita@gmail.com,arham1234,,
accounts.google.com (arhamsmita2),https://accounts.google.com/,arhamsmita2,arham123,,
accounts.google.com (axl6018@g.coppellisd.com),https://accounts.google.com/,axl6018@g.coppellisd.com,Arham123,,
accounts.google.com (lodhasmita),https://accounts.google.com/,lodhasmita,rajendra123,,
accounts.google.com (lodhasmita@gmail.com),https://accounts.google.com/,lodhasmita@gmail.com,rajendra123,,
accounts.google.com (raj@ohmtechusa.com),https://accounts.google.com/,raj@ohmtechusa.com,s!ngs0ng,,
accounts.google.com (rajendra.lodha),https://accounts.google.com/,rajendra.lodha,s!ngs0ng,,
accounts.google.com (rajendra.lodha@dfwjains.org),https://accounts.google.com/,rajendra.lodha@dfwjains.org,s!ngs0ng,,
accounts.google.com (rajendra.lodha@gmail.com),https://accounts.google.com/,rajendra.lodha@gmail.com,Rahata19&&,,
www.grammarly.com (arhamsmita@gmail.com),https://www.grammarly.com/,arhamsmita@gmail.com,arham123,,
www.grammarly.com (bsku07@gmail.com),https://www.grammarly.com/,bsku07@gmail.com,Bsku0707,,
web.groupme.com (4694714856),https://web.groupme.com/,4694714856,Lod54470,,
guidebook.com (arhamsmita@gmail.com),http://guidebook.com/,arhamsmita@gmail.com,Lod54470,,
hackerone.com (arhamsmita@gmail.com),https://hackerone.com/,arhamsmita@gmail.com,knhrK6zPMxkCXvzy,,
www.hackerrank.com (Memorial_N1),https://www.hackerrank.com/,Memorial_N1,memorial,,
www.hackthissite.org (the storm breaker),https://www.hackthissite.org/,the storm breaker,Nsa-FWK-X3F-oSJ,,
dceweb.harvard.edu (arham.lodha.764@k12.friscoisd.org),https://dceweb.harvard.edu/,arham.lodha.764@k12.friscoisd.org,Lod54470,,
key.harvard.edu (arham.lodha.764@k12.friscoisd.org),https://key.harvard.edu/,arham.lodha.764@k12.friscoisd.org,53224uAKWJhUhf7,,
login.dce.harvard.edu (arham.lodha.764@k12.friscoisd.org),https://login.dce.harvard.edu/,arham.lodha.764@k12.friscoisd.org,TiCyqX5rUxq3fEp,,
sso.heart.org (lodhasmita@gmail.com),https://sso.heart.org/,lodhasmita@gmail.com,Rajendra@123,,
dashboard.heroku.com (arham.lodha.764@k12.friscoisd.org),https://dashboard.heroku.com/,arham.lodha.764@k12.friscoisd.org,rarbyt-1pigho-wiCkur,,
id.heroku.com (arham.lodha.764@k12.friscoisd.org),https://id.heroku.com/,arham.lodha.764@k12.friscoisd.org,Arham is 123,,
office.hgicrusade.com (arhamsmita),https://office.hgicrusade.com/,arhamsmita,lod54470,,
auth.hitbtc.com (arhamsmita@gmail.com),https://auth.hitbtc.com/,arhamsmita@gmail.com,Arham123,,
houseparty.com (arham113),http://houseparty.com/,arham113,Xafhyb-pyzve1-gaqcoj,,
auth.hulu.com (arhamsmita@gmail.com),https://auth.hulu.com/,arhamsmita@gmail.com,Lod54470,,
www.hulu.com (arhamsmita@gmail.com),http://www.hulu.com/,arhamsmita@gmail.com,Lod54470,,
signup.hulu.com (deheja5046@nenekbet.com),https://signup.hulu.com/,deheja5046@nenekbet.com,aVUAQ9zkkVWWscF,,
signup.hulu.com (lodhasmita@gmail.com),https://signup.hulu.com/,lodhasmita@gmail.com,Lod54470,,
www.hulu.com (lodhasmita@gmail.com),https://www.hulu.com/,lodhasmita@gmail.com,Lod54470,,
secure.hulu.com (lodhasmita@gmail.com),https://secure.hulu.com/,lodhasmita@gmail.com,Lod54470,,
signup.hulu.com (xecat82461@mmgaklan.com),https://signup.hulu.com/,xecat82461@mmgaklan.com,Arham123,,
signup.hulu.com (xovofog150@hideemail.net),https://signup.hulu.com/,xovofog150@hideemail.net,arham123,,
secure.indeed.com (lodhasmita@gmail.com),https://secure.indeed.com/,lodhasmita@gmail.com,rajendra,,
www.indonesianpod101.com (arhamsmita@gmail.com),http://www.indonesianpod101.com/,arhamsmita@gmail.com,synnu6-Jykgog-fazxys,,
secure.infosnap.com (lodhasmita@gmail.com),https://secure.infosnap.com/,lodhasmita@gmail.com,arham123,,
secure.infosnap.com (rajendra.lodha@gmail.com),https://secure.infosnap.com/,rajendra.lodha@gmail.com,s!ngs0ng,,
instagram.com (arhamsmita@gmail.com),https://instagram.com/,arhamsmita@gmail.com,arham123,,
instagram.com (joyfulchildren),https://instagram.com/,joyfulchildren,feHqov-jennyg-jocjy5,,
www.instagram.com (joyfulchildren),https://www.instagram.com/,joyfulchildren,feHqov-jennyg-jocjy5,,
canvas.instructure.com (247764),https://canvas.instructure.com/,247764,03172004,,
fisd.instructure.com (247764),https://fisd.instructure.com/,247764,03172004,,
exchange.itbit.com (arham123),https://exchange.itbit.com/,arham123,S!ngs0ng,,
itch.io (http://blackracer.itch.io/),https://itch.io/,http://blackracer.itch.io/,arham123,,
www.japanesepod101.com,https://www.japanesepod101.com/,,synnu6-Jykgog-fazxys,,
account.jetbrains.com (arham-lodha0317),https://account.jetbrains.com/,arham-lodha0317,Lod54470,,
account.jetbrains.com (arham.lodha.764@k12.friscoisd.org),https://account.jetbrains.com/,arham.lodha.764@k12.friscoisd.org,Lod54470,,
www.kaptest.com (arhamsmita@gmail.com),https://www.kaptest.com/,arhamsmita@gmail.com,qZ6-zwH-fNA-p2e,,
store.kaspersky.com (74867449800),https://store.kaspersky.com/,74867449800,1f0127yZ,,
www.kathakrhythms.com (lodhasmita@gmail.com),https://www.kathakrhythms.com/,lodhasmita@gmail.com,rajendra123,,
www.khanacademy.org (vruddhilodha),https://www.khanacademy.org/,vruddhilodha,arham123,,
www.kraken.com (arhamsmita),https://www.kraken.com/,arhamsmita,ts!ngs0ng,,
www.kraken.com (rajendra.lodha),https://www.kraken.com/,rajendra.lodha,s!ngs0ng,,
www.kudoboard.com (arhamsmita@gmail.com),https://www.kudoboard.com/,arhamsmita@gmail.com,qyvco3-pezxus-viShub,,
leetcode.com (arhamlodha123),https://leetcode.com/,arhamlodha123,riPGMB22mPubSwz,,
lichess.org (arhamsmita@gmail.com),https://lichess.org/,arhamsmita@gmail.com,arham123,,
paydirect.link2gov.com (Rajendra.lodha@gmail.com),https://paydirect.link2gov.com/,Rajendra.lodha@gmail.com,621,,
www.linkedin.com (arhamsmita@gmail.com),https://www.linkedin.com/,arhamsmita@gmail.com,e^ipi+1=0,,
www.linkedin.com (lodhasmita@gmail.com),https://www.linkedin.com/,lodhasmita@gmail.com,rajendra,,
tickets.littleisland.org,https://tickets.littleisland.org/,,xamxax-mohwox-8kYrny,,
login.live.com (+1 469-471-4856),https://login.live.com/,+1 469-471-4856,arham123,,
login.live.com (arhamissavitar@outlook.com),https://login.live.com/,arhamissavitar@outlook.com,arham1234,,
login.live.com (arhamsmita@gmail.com),https://login.live.com/,arhamsmita@gmail.com,arham123,,
login.live.com (joyful.children@outlook.com),https://login.live.com/,joyful.children@outlook.com,s!ngs0ng,,
login.live.com (lodhasmita@outlook.com),https://login.live.com/,lodhasmita@outlook.com,arham123,,
www.livingsocial.com (lodhasmita@gmail.com),https://www.livingsocial.com/,lodhasmita@gmail.com,rajendra123,,
www.lowes.com (4694714856),https://www.lowes.com/,4694714856,arham123,,
www.lowes.com (arhamsmita@gmail.com),https://www.lowes.com/,arhamsmita@gmail.com,arham123,,
mackinvia.com (247764),https://mackinvia.com/,247764,03172004,,
www.mackinvia.com (247764),https://www.mackinvia.com/,247764,03172004,,
www.mackinvia.com (axl6018),https://www.mackinvia.com/,axl6018,Arham123,,
accounts.mathpix.com (arham.lodha@utexas.edu),https://accounts.mathpix.com/,arham.lodha@utexas.edu,vovjU6-gupqek-cosdon,,
www.mathprograms.org (arham.lodha@utexas.edu),https://www.mathprograms.org/,arham.lodha@utexas.edu,Lod54470,,
www.mediafire.com (office@relianceimaging.com),https://www.mediafire.com/,office@relianceimaging.com,reliance12345,,
membean.com (arham_lodha_cmsn),https://membean.com/,arham_lodha_cmsn,arham123,,
www.membean.com (arham_lodha_cmsn),https://www.membean.com/,arham_lodha_cmsn,arham123,,
stats-medic1.memberspace.com (arhamsmita@gmail.com),https://stats-medic1.memberspace.com/,arhamsmita@gmail.com,Lod54470,,
signup.microsoft.com,https://signup.microsoft.com/,,Lod54470,,
login.microsoftonline.com (arham.lodha.764@k12.friscoisd.org),https://login.microsoftonline.com/,arham.lodha.764@k12.friscoisd.org,Lod54470,,
login.microsoftonline.com (axl6018@g.coppellisd.com),https://login.microsoftonline.com/,axl6018@g.coppellisd.com,arham123,,
connista.mindtrickssoftware.com (9256408885),http://connista.mindtrickssoftware.com/,9256408885,s!ngs0ng,,
scratch.mit.edu (rkscratchaccount),https://scratch.mit.edu/,rkscratchaccount,ljlake2019,,
my.mlh.io (arham.lodha.764@k12.friscoisd.org),https://my.mlh.io/,arham.lodha.764@k12.friscoisd.org,fgcm5t6CSau7Ur5,,
login20.monster.com (lodhasmita@gmail.com),https://login20.monster.com/,lodhasmita@gmail.com,rajendra123,,
join.mylf.com (alodha),https://join.mylf.com/,alodha,JX5MN2TFm47HjMH,,
registration.mypearson.com (arhamsmita@gmail.com),https://registration.mypearson.com/,arhamsmita@gmail.com,Lod54470,,
myunidays.com (arhamsmita@gmail.com),http://myunidays.com/,arhamsmita@gmail.com,arham123,,
www.netflix.com (4694714856),https://www.netflix.com/,4694714856,arham123,,
www.netflix.com (arhamsmita@gmail.com),https://www.netflix.com/,arhamsmita@gmail.com,Lod54470,,
my.noodletools.com (arl3759),https://my.noodletools.com/,arl3759,jozhes-pupWax-7xozfi,,
www.novelupdatesforum.com (arham.lodha.2004@gmail.com),https://www.novelupdatesforum.com/,arham.lodha.2004@gmail.com,Lod54470,,
www.npmjs.com (arhamsmita),https://www.npmjs.com/,arhamsmita,Lod54470,,
etap.nsf.gov (arham.lodha@utexas.com),https://etap.nsf.gov/,arham.lodha@utexas.com,Arham@123,,
www.nutaku.net (arham.lodha.2004@gmail.com),https://www.nutaku.net/,arham.lodha.2004@gmail.com,"q,3myB@?/#@V#5#",,
login.nvgs.nvidia.com (arhamsmita@gmail.com),https://login.nvgs.nvidia.com/,arhamsmita@gmail.com,Lod54470,,
octopi.local (arham123),https://octopi.local/,arham123,arham123,,
octopi.local (arham123),http://octopi.local/,arham123,arham123,,
octopi.local (avsr),http://octopi.local/,avsr,Lod54470,,
collin.onelogin.com (alodha1),https://collin.onelogin.com/,alodha1,Collin522364,,
uhunt.onlinejudge.org (arham123),https://uhunt.onlinejudge.org/,arham123,b0jsrh2r,,
onlinejudge.org (arham123),https://onlinejudge.org/,arham123,b0jsrh2r,,
www.onlineschoolfees.com (lodhasmita@gmail.com),https://www.onlineschoolfees.com/,lodhasmita@gmail.com,rajendra123,,
onlineschoolfees.com (lodhasmita@gmail.com),https://onlineschoolfees.com/,lodhasmita@gmail.com,rajendra123,,
cad.onshape.com (arham.lodha.764@k12.friscoisd.org),https://cad.onshape.com/,arham.lodha.764@k12.friscoisd.org,Lod54470,,
sso.onshape.com (arhamsmita@gmail.com),https://sso.onshape.com/,arhamsmita@gmail.com,jAfryx-vecto2-nyghuj,,
openlibrary.org (arhamsmita@gmail.com),https://openlibrary.org/,arhamsmita@gmail.com,5i8kjwvMrZ9Ak6M,,
openlibrary.org (kwasitzhaderach),https://openlibrary.org/,kwasitzhaderach,5i8kjwvMrZ9Ak6M,,
profile.oracle.com (arhamsmita@gmail.com),https://profile.oracle.com/,arhamsmita@gmail.com,Lod54470,,
editor.p5js.org (arham.lodha.k12@k12.friscoisd.org),https://editor.p5js.org/,arham.lodha.k12@k12.friscoisd.org,arham123,,
page.link (arhamsmita@gmail.com),http://page.link/,arhamsmita@gmail.com,miggik-soxrIv-5jezvo,,
papajohns.com ((469) 471-4856),http://papajohns.com/,(469) 471-4856,Lod54470,,
www.paperspace.com (arhamsmita@gmail.com),https://www.paperspace.com/,arhamsmita@gmail.com,arham123,,
www.paypal.com (joyful.children@outlook.com),https://www.paypal.com/,joyful.children@outlook.com,E^ipi+1=0,,
www.paypal.com (lodha_rajendra@yahoo.com),https://www.paypal.com/,lodha_rajendra@yahoo.com,s!ngs0ng,,
login.pearson.com (arhamsmita@gmail.com),https://login.pearson.com/,arhamsmita@gmail.com,Lod54470,,
wsr.pearsonvue.com (alodha1),https://wsr.pearsonvue.com/,alodha1,Lod54470,,
tickets.perotmuseum.org (arhamsmita@gmail.com),https://tickets.perotmuseum.org/,arhamsmita@gmail.com,arham123,,
create.piktochart.com,https://create.piktochart.com/,,******,,
app.pivotinteractives.com (arham.lodha.764@k12.friscoisd.org),https://app.pivotinteractives.com/,arham.lodha.764@k12.friscoisd.org,sKSYNqBQi5h3fTc,,
entrata.pointeonrio.com (rajendra.lodha@gmail.com),https://entrata.pointeonrio.com/,rajendra.lodha@gmail.com,tonveg-kEzcob-cyvmo6,,
www.poliigon.com (arhamsmita@gmail.com),https://www.poliigon.com/,arhamsmita@gmail.com,arham123,,
my.pomodoneapp.com (arhamsmita@gmail.com),https://my.pomodoneapp.com/,arhamsmita@gmail.com,arham123,,
m.popmoney.com (rajendra.lodha@gmail.com),https://m.popmoney.com/,rajendra.lodha@gmail.com,S!ngs0ng,,
www.pornhub.com (kwisatzhadarach),https://www.pornhub.com/,kwisatzhadarach,D!Hj8DrGNNK7YVQ,,
www.prepscholar.com,https://www.prepscholar.com/,,Lod54470,,
fed.princeton.edu (arham.lodha.2004@gmail.com),https://fed.princeton.edu/,arham.lodha.2004@gmail.com,cijxyh-rekwo3-Bovmuw,,
apply.princeton.edu (arham.lodha.2004@gmail.com),https://apply.princeton.edu/,arham.lodha.2004@gmail.com,cijxyh-rekwo3-Bovmuw,,
privacy.com (arhamsmita@gmail.com),https://privacy.com/,arhamsmita@gmail.com,Lod54470,,
projecteuler.net (alodha),https://projecteuler.net/,alodha,arham123,,
projecteuler.net (hamarL),https://projecteuler.net/,hamarL,qatjyg-3Bufvu-vekces,,
torre.prospectportal.com (arhamsmita@gmail.com),https://torre.prospectportal.com/,arhamsmita@gmail.com,Qoqnuz-poxgez-hegxi3,,
www.rakuten.com (arhamsmita@icloud.com),https://www.rakuten.com/,arhamsmita@icloud.com,nibzIc-xakjec-kacmu5,,
www.ratatype.com (arhamsmita@gmail.com),https://www.ratatype.com/,arhamsmita@gmail.com,arham123,,
checkout.realestateexpress.com (arhamlodha),https://checkout.realestateexpress.com/,arhamlodha,Lod54470,,
property.onesite.realpage.com (arhamsmita),https://property.onesite.realpage.com/,arhamsmita,D@rrowau1ykos,,
property.onesite.realpage.com (lodha),https://property.onesite.realpage.com/,lodha,Rajendra@123,,
property.onesite.realpage.com,https://property.onesite.realpage.com/,,Arham123,,
www.redcross.org (arhamsmita@gmail.com),https://www.redcross.org/,arhamsmita@gmail.com,pigrig-viRwa2-huvjuz,,
accounts.reddit.com (arhamsmita),https://accounts.reddit.com/,arhamsmita,Lod54470,,
reddit.com (arhamsmita),https://reddit.com/,arhamsmita,Lod54470,,
www.reddit.com (arhamsmita),https://www.reddit.com/,arhamsmita,arham123,,
www.redfin.com,https://www.redfin.com/,,Arham123,,
www.reliant.com (rajendra.lodha@gmail.com),https://www.reliant.com/,rajendra.lodha@gmail.com,London)1,,
app.remoteinternships.com (arhamsmita@gmail.com),https://app.remoteinternships.com/,arhamsmita@gmail.com,XTTjna7VPezZS6V,,
ring.com,https://ring.com/,,arham123,,
robinhood.com (arhamsmita@gmail.com),http://robinhood.com/,arhamsmita@gmail.com,arhamlodha,,
robinhood.com (lodhasmita@gmail.com),https://robinhood.com/,lodhasmita@gmail.com,Rajendra123,,
robinhood.com (rajendra.lodha@gmail.com),https://robinhood.com/,rajendra.lodha@gmail.com,arham12345,,
account.samsung.com (arhamsmita@gmail.com),https://account.samsung.com/,arhamsmita@gmail.com,Coste4-cexhic-romher,,
start.scholarsapply.org (arhamsmita),https://start.scholarsapply.org/,arhamsmita,typsu3-nibGas-ruwteh,,
www.schoolcafe.com (arham.lodha.764@k12.friscoisd.org),https://www.schoolcafe.com/,arham.lodha.764@k12.friscoisd.org,jojvan-bosxyw-sowXi1,,
schoolyourself.org (arhamsmita@gmail.com),https://schoolyourself.org/,arhamsmita@gmail.com,arham123,,
trading.scottrade.com,https://trading.scottrade.com/,,S1ngs0ng,,
www.sightreadingfactory.com (arham.lodha.764@friscoisd.org),https://www.sightreadingfactory.com/,arham.lodha.764@friscoisd.org,hajguK-9tarxi-gitcim,,
www.sightreadingfactory.com (Lodha),https://www.sightreadingfactory.com/,Lodha,arham123,,
hackclub.slack.com (Arham-Lodha),https://hackclub.slack.com/,Arham-Lodha,e^ipi+1=0,,
yjaconvention-lc14901.slack.com (arhamsmita@gmail.com),https://yjaconvention-lc14901.slack.com/,arhamsmita@gmail.com,arham123,,
southlrs19-20.slack.com,https://southlrs19-20.slack.com/,,qyktyr-tYhcer-6nurra,,
yjaconvention-lc14901.slack.com,https://yjaconvention-lc14901.slack.com/,,qyktyr-tYhcer-6nurra,,
www.sling.com (lodhasmita@gmail.com),https://www.sling.com/,lodhasmita@gmail.com,s!ngs0ng,,
www.sling.com (rajendra.lodha@gmail.com),https://www.sling.com/,rajendra.lodha@gmail.com,s!ngs0ng,,
www.snap-raise.com (arhamsmita@gmail.com),https://www.snap-raise.com/,arhamsmita@gmail.com,jikxig-hakpos-1vyDne,,
www.spectrum.net (Rajendra.lodha),https://www.spectrum.net/,Rajendra.lodha,Jan012017,,
splice.com (arhamsmita@gmail.com),https://splice.com/,arhamsmita@gmail.com,arham123,,
www.spoj.com (alodha),https://www.spoj.com/,alodha,arham123,,
www.spoj.com (arhamsmita@gmail.com),https://www.spoj.com/,arhamsmita@gmail.com,arham123,,
accounts.spotify.com (arhamsmita@gmail.com),https://accounts.spotify.com/,arhamsmita@gmail.com,arham123,,
apply.stanford.edu (arham.lodha.2004@gmail.com),https://apply.stanford.edu/,arham.lodha.2004@gmail.com,Arhamlodha123,,
secureportal.stanford.edu (arhamsmita@gmail.com),https://secureportal.stanford.edu/,arhamsmita@gmail.com,mapVam-9zogbo-pypsun,,
precollegiate.stanford.edu (arhamsmita@gmail.com),https://precollegiate.stanford.edu/,arhamsmita@gmail.com,mapVam-9zogbo-pypsun,,
starbucks.com (arhamsmita@gmail.com),http://starbucks.com/,arhamsmita@gmail.com,Arham@123,,
app.stashinvest.com (arhamsmita@gmail.com),https://app.stashinvest.com/,arhamsmita@gmail.com,RxP-ned-9ht-R2W,,
app.stashinvest.com (rajendra.lodha@gmail.com),https://app.stashinvest.com/,rajendra.lodha@gmail.com,Lod54470,,
app.stashinvest.com,https://app.stashinvest.com/,,S!ngs0ng,,
store.steampowered.com (DarrowOfLykosTheReaper),https://store.steampowered.com/,DarrowOfLykosTheReaper,Lod54470,,
studentaid.gov (arham.lodha.2004@gmail.com),https://studentaid.gov/,arham.lodha.2004@gmail.com,sojser-8Cobmu-wuczum,,
studentaid.gov (rajendra.lodha@gmail.com),https://studentaid.gov/,rajendra.lodha@gmail.com,rM8y6fpkKMhze4Z,,
studentaid.gov (rajendralodha),https://studentaid.gov/,rajendralodha,S!ngs0ng,,
studentaid.gov,https://studentaid.gov/,,8ozUhEIC,,
id.subway.com (arhamsmita@gmail.com),https://id.subway.com/,arhamsmita@gmail.com,watzif-qEkje2-subsep,,
account.t-mobile.com (lodhasmita@gmail.com),https://account.t-mobile.com/,lodhasmita@gmail.com,arham123,,
account.t-mobile.com,https://account.t-mobile.com/,,Arham123,,
goldmansachs.tal.net (arhamsmita@gmail.com),https://goldmansachs.tal.net/,arhamsmita@gmail.com,dyjpob-Napmur-1ticxi,,
hca.taleo.net (lodhasmita),https://hca.taleo.net/,lodhasmita,rajendra123,,
bswhealth.taleo.net (smitalodha),https://bswhealth.taleo.net/,smitalodha,rajendra123,,
sso.teachable.com (Arham Lodha),https://sso.teachable.com/,Arham Lodha,4Bq-Bxc-U3n-E7U,,
sso.teachable.com (arham.lodha.764@k12.friscoisd.org),https://sso.teachable.com/,arham.lodha.764@k12.friscoisd.org,arham123,,
account.termius.com,https://account.termius.com/,,votkoq-7zavqi-Ceshaq,,
www.trec.texas.gov (arhamsmita@gmail.com),https://www.trec.texas.gov/,arhamsmita@gmail.com,Lod54470,,
harvarddce.tfaforms.net (arhamsmita@gmail.com),https://harvarddce.tfaforms.net/,arhamsmita@gmail.com,arham123,,
bfw.thecopia.com (arham.lodha.764.@k12.friscoisd.org ),https://bfw.thecopia.com/,arham.lodha.764.@k12.friscoisd.org ,03172004,,
bfw.thecopia.com (arham.lodha.764@k12.friscoisd.org ),https://bfw.thecopia.com/,arham.lodha.764@k12.friscoisd.org ,03172004,,
www.theodinproject.com (arhamsmita@gmail.com),https://www.theodinproject.com/,arhamsmita@gmail.com,arham123,,
app.thestorygraph.com (arhamlodha),https://app.thestorygraph.com/,arhamlodha,sydryn-0jydcY-mobnew,,
app.thestorygraph.com (arhamsmita@gmail.com),https://app.thestorygraph.com/,arhamsmita@gmail.com,Lod54470,,
accounts.thingiverse.com (arhamsmita),https://accounts.thingiverse.com/,arhamsmita,arham123,,
accounts.thingiverse.com (arhamsmita@gmail.com),https://accounts.thingiverse.com/,arhamsmita@gmail.com,arham123,,
www.thinglink.com (arhamsmita@gmail.com),https://www.thinglink.com/,arhamsmita@gmail.com,arham123,,
myservices.timewarnercable.com (rajendra.lodha),https://myservices.timewarnercable.com/,rajendra.lodha,Jan012017,,
www.troop840.org (alodha),https://www.troop840.org/,alodha,arham123,,
www.troop840.org (alodha),http://www.troop840.org/,alodha,arham123,,
twitter.com (4694714856),https://twitter.com/,4694714856,arham123,,
twitter.com (arhamlodha1),https://twitter.com/,arhamlodha1,arham is awesome,,
twitter.com (ArhamLodha1),https://twitter.com/,ArhamLodha1,arham is awesome,,
twitter.com (ArhamLodha2),https://twitter.com/,ArhamLodha2,Lod54470,,
twitter.com (arhamsmita@gmail.com),https://twitter.com/,arhamsmita@gmail.com,arham123,,
twitter.com (arhamsmita@outlook.com),https://twitter.com/,arhamsmita@outlook.com,arham123,,
twitter.com (joyful.children@outlook.com),https://twitter.com/,joyful.children@outlook.com,Arham123,,
api.twitter.com (rajendra.lodha@gmail.com),https://api.twitter.com/,rajendra.lodha@gmail.com,s!ngs0ng,,
mobile.twitter.com (rajendra.lodha@gmail.com),https://mobile.twitter.com/,rajendra.lodha@gmail.com,s!ngs0ng,,
twitter.com (rajendra.lodha@gmail.com),https://twitter.com/,rajendra.lodha@gmail.com,Jan)!2021,,
twitter.com (rajendralodha),https://twitter.com/,rajendralodha,s!ngs0ng,,
admin.typeform.com (arham.lodha.764@k12.friscoisd.org),https://admin.typeform.com/,arham.lodha.764@k12.friscoisd.org,4GDXgEZUi8UMQ54,,
play.typeracer.com (arhamsmita@gmail.com),https://play.typeracer.com/,arhamsmita@gmail.com,veksin-zevnUx-revgo1,,
u-tec.com (arhamsmita@gmail.com),http://u-tec.com/,arhamsmita@gmail.com,Lod54470,,
beatriton.ucsd.edu (arham.lodha.2004@gmail.com),https://beatriton.ucsd.edu/,arham.lodha.2004@gmail.com,xuzmyk-temhUt-nundy1,,
www.udebug.com (hamar123),https://www.udebug.com/,hamar123,vXGVxNfKQTE6XHa,,
app.udsstream.com (Guest1),https://app.udsstream.com/,Guest1,guest01g,,
login.ultipro.com (lodhasmita@gmail.com),https://login.ultipro.com/,lodhasmita@gmail.com,Rajendra@123,,
register.und.edu (arhamsmita@gmail.com),https://register.und.edu/,arhamsmita@gmail.com,QkP5NuWH4iwQBuT,,
id.unity.com (arhamsmita@gmail.com),https://id.unity.com/,arhamsmita@gmail.com,Arham123,,
apply.universityofcalifornia.edu (arham.lodha.2004@gmail.com),https://apply.universityofcalifornia.edu/,arham.lodha.2004@gmail.com,vopvom-zyRbeh-9jobni,,
www.usaco.org (arhamlodha),http://www.usaco.org/,arhamlodha,621790f,,
train.usaco.org (arhamLodha),https://train.usaco.org/,arhamLodha,arham123,,
www.usaco.org (arhamLodha),http://www.usaco.org/,arhamLodha,arham123,,
train.usaco.org (arhamsm1),https://train.usaco.org/,arhamsm1,w5rx6fa,,
train.usaco.org (arhamsmita@gmail.com),https://train.usaco.org/,arhamsmita@gmail.com,arham123,,
www.usaco.org (arhamsmita@gmail.com),http://www.usaco.org/,arhamsmita@gmail.com,arham123,,
accounts.cs.utexas.edu (arl3759),https://accounts.cs.utexas.edu/,arl3759,He11o World!,,
login.austin.utexas.edu (arl3759),https://login.austin.utexas.edu/,arl3759,zfrbdaZZApc4Pjq,,
hf-housing.austin.utexas.edu (arl3759),https://hf-housing.austin.utexas.edu/,arl3759,zfrbdaZZApc4Pjq,,
idmanager.its.utexas.edu (arl3759),https://idmanager.its.utexas.edu/,arl3759,zfrbdaZZApc4Pjq,,
enterprise.login.utexas.edu (arl3759),https://enterprise.login.utexas.edu/,arl3759,zfrbdaZZApc4Pjq,,
www.uworld.com (arhamsmita@gmail.com),https://www.uworld.com/,arhamsmita@gmail.com,arham123,,
www.varsitytutors.com (arhamsmita@icloud.com),https://www.varsitytutors.com/,arhamsmita@icloud.com,rojNat-nydjew-wurdy9,,
www.varsitytutors.com (Lodha),https://www.varsitytutors.com/,Lodha,5ppTWmTPUnb3HSH,,
venmo.com (arhamsmita@gmail.com),http://venmo.com/,arhamsmita@gmail.com,qurwaq-zewgYf-fogja4,,
www.vikingcodeschool.com (arhamsmita@gmail.com),https://www.vikingcodeschool.com/,arhamsmita@gmail.com,bupwub-5gYrve-qedfyr,,
secure.vonage.com,https://secure.vonage.com/,,Rajendra@2017,,
vuits.net (slodha),https://vuits.net/,slodha,welcome1!,,
www.walmart.com (lodhasmita@gmail.com),https://www.walmart.com/,lodhasmita@gmail.com,Rajendra@123,,
practiceit.cs.washington.edu (arham.lodha.764@k12.friscoisd.org),https://practiceit.cs.washington.edu/,arham.lodha.764@k12.friscoisd.org,Lod54470,,
practiceit.cs.washington.edu (arham123),https://practiceit.cs.washington.edu/,arham123,Lod54470,,
www.wayfair.com (arhamsmita@gmail.com),https://www.wayfair.com/,arhamsmita@gmail.com,Lod54470,,
www.webassign.net (247764),https://www.webassign.net/,247764,Lod54470,,
www.webassign.net (arham.lodha.764@k12.friscoisd.org),https://www.webassign.net/,arham.lodha.764@k12.friscoisd.org,Lod54470,,
www.webassign.net (arhamsmita@gmail.com),https://www.webassign.net/,arhamsmita@gmail.com,Lod54470,,
oam.wellsfargo.com,https://oam.wellsfargo.com/,,Jan012018,,
courses.wesbos.com (arhamsmita@gmail.com),https://courses.wesbos.com/,arhamsmita@gmail.com,5kK-AMm-ptz-JxL,,
users.wix.com (joyful.children@outlook.com),https://users.wix.com/,joyful.children@outlook.com,e^ipi+1=0,,
users.wix.com (rajendra.lodha@gmail.com),https://users.wix.com/,rajendra.lodha@gmail.com,s!ngs0ng,,
my.wizardingworld.com (arhamsmita@gmail.com),https://my.wizardingworld.com/,arhamsmita@gmail.com,ee2fXYGsTX6PFju,,
www.wizardingworld.com (arhamsmita@icloud.com),https://www.wizardingworld.com/,arhamsmita@icloud.com,Lod54470,,
my.wizardingworld.com (arhamsmita@icloud.com),https://my.wizardingworld.com/,arhamsmita@icloud.com,Lod54470,,
ipg.in.worldline.com (Rajendra.lodha@gmail.com),https://ipg.in.worldline.com/,Rajendra.lodha@gmail.com,S!ngs0ng,,
www.x2vol.com (arhamsmita@gmail.com),https://www.x2vol.com/,arhamsmita@gmail.com,hyrxur-wumKe5-nuvrir,,
www.xoom.com (rajendra.lodha@gmail.com),https://www.xoom.com/,rajendra.lodha@gmail.com,s!ngs0ng,,
login.yahoo.com (arhamlodha),https://login.yahoo.com/,arhamlodha,Lod54470,,
login.yahoo.com (arhamsmita),https://login.yahoo.com/,arhamsmita,vunbug-wocduc-7fysDo,,
www.yja.org (arhamsmita@gmail.com),https://www.yja.org/,arhamsmita@gmail.com,dUtniq-vupsa1-jutrif,,
convention.yja.org (arhamsmita@gmail.com),https://convention.yja.org/,arhamsmita@gmail.com,dUtniq-vupsa1-jutrif,,
yja.org (arhamsmita@gmail.com),https://yja.org/,arhamsmita@gmail.com,arham123,,
10.2.0.4 (TEAM1091),http://10.2.0.4/,TEAM1091,NZX-BHA,,
192.168.1.248 (admin),http://192.168.1.248/,admin,Lod54470,,
192.168.1.248 (Arham),http://192.168.1.248/,Arham,Lod54470,,
